AmazonIdentifier,AssignmentId,DurationInSeconds,StartTime,CompletionTime,ApprovalStatus,AmountPaid,AmountBonused,Actual Completion Code,,,
AJOHW4ZVBL6MD,3MHW492WW0EKTEH0ECU422NZN9HMVX,1409,9/14/2017 2:42:50 PM,9/14/2017 3:06:19 PM,Approved,0.35,0.00,JDA335XQQ,,,
A3N7R7P9HP2YB6,3LS2AMNW5FRGO96V5TF7OJDW1HHQOM,1526,9/14/2017 2:42:08 PM,9/14/2017 3:07:34 PM,Approved,0.35,0.00,JDA335XQQ,,,
A9NB559YR79NC,3WSELTNVR334EL4MCE4KST4EW7DATM,297,9/14/2017 2:49:39 PM,9/14/2017 2:54:36 PM,Approved,0.35,0.00,JDA335XQQ,,,
A26I57LNED30Z2,3H8DHMCCW9C399HB2FHUH3POYXJDKL,225,9/14/2017 2:50:43 PM,9/14/2017 2:54:29 PM,Approved,0.35,0.00,JDA335XQQ,,,
A28WSBB0DSV47X,3V5Q80FXIXSAA1BOKK5E4YHIQK523N,102,9/14/2017 2:19:31 PM,9/14/2017 2:21:13 PM,Approved,0.35,0.00,JDA335XQQ,,,
A1N8IT6PFVE7SU,3KGTPGBS6XMU9VO7Z41FR77I3XQU2O,150,9/14/2017 2:33:29 PM,9/14/2017 2:35:59 PM,Approved,0.35,0.00,JDA335XQQ,,,
A1OZ3PPHAEWA8S,3KB8R4ZV1E85SQN8YS59OL9VOVOGBC,239,9/14/2017 2:33:23 PM,9/14/2017 2:37:22 PM,Approved,0.35,0.00,JDA335XQQ,,,
AAR5VQ8QIO5PC,3SNLUL3WO4O0AHAF9AJK636R9XGLU3,187,9/14/2017 2:25:32 PM,9/14/2017 2:28:40 PM,Approved,0.35,0.00,JDA335XQQ,,,
A2MF4QDKE40KVN,3PH3VY7DJLYX7AGOJBPUW62M9MZWZW,130,9/14/2017 2:29:13 PM,9/14/2017 2:31:24 PM,Approved,0.35,0.00,JDA335XQQ,,,
A7ULVYZ4JGW8L,30IQTZXKAK7FUPFOPM8OSQD70HLX0X,116,9/14/2017 2:20:27 PM,9/14/2017 2:22:24 PM,Approved,0.35,0.00,JDA335XQQ,,,
A1TGT6FVIZRNS5,3SB5N7Y3O35483KY0C8K44DCXRR0GA,359,9/14/2017 2:30:26 PM,9/14/2017 2:36:26 PM,Approved,0.35,0.00,JDA335XQQ,,,
A29SETAL44W6LV,3S4AW7T80BJ1TJG0U4S2TZ8XALX4L6,105,9/14/2017 3:08:29 PM,9/14/2017 3:10:14 PM,Approved,0.35,0.00,JDA335XQQ,,,
A2TQNX64349OZ9,3V5Q80FXIXSAA1BOKK5E4YHIQK732Q,438,9/14/2017 2:38:55 PM,9/14/2017 2:46:13 PM,Approved,0.35,0.00,JDA335XQQ,,,
A2QMHQXR8K4VJ2,3RKNTXVS3MZKX0PWXD3CKLSMG8T4AH,606,9/14/2017 2:19:32 PM,9/14/2017 2:29:39 PM,Approved,0.35,0.00,JDA335XQQ,,,
A3N1W4VYI7VXEV,3DIP6YHAPCTO6ETAPLVBXGYI39NE8T,1576,9/14/2017 2:25:14 PM,9/14/2017 2:51:30 PM,Approved,0.35,0.00,JDA335XQQ,,,
A1I4VM94N3EM0W,3JBT3HLQF837N1JN7PBZ4CUQGPXPZV,221,9/14/2017 2:36:28 PM,9/14/2017 2:40:09 PM,Approved,0.35,0.00,JDA335XQQ,,,
ASIULWA5R4JYU,3K3R2QNK8B459F96KDGU1UFW93YU9E,401,9/14/2017 2:20:30 PM,9/14/2017 2:27:12 PM,Approved,0.35,0.00,JDA335XQQ,,,
A1M5BJTQIXCM33,3PEIJLRY6TU82FG9IT19ZLMB1M0XWZ,138,9/14/2017 2:21:30 PM,9/14/2017 2:23:49 PM,Approved,0.35,0.00,JDA335XQQ,,,
A23VLS7JAU9343,3R3YRB5GRF4JEYJBCJUUXPQGFLGUAT,989,9/14/2017 2:19:51 PM,9/14/2017 2:36:21 PM,Approved,0.35,0.00,JDA335XQQ,,,
A3J9ORWWVZCEOI,3YW4XOSQKQMNKA6BG011MOXDBRD1UF,59,9/14/2017 2:36:38 PM,9/14/2017 2:37:38 PM,Approved,0.35,0.00,JDA335XQQ,,,
A1R93MQYAFEVX1,3NAPMVF0ZWGSBKCBMW84HFTYVMU27V,841,9/14/2017 2:44:09 PM,9/14/2017 2:58:10 PM,Approved,0.35,0.00,JDA335XQQ,,,
A2KWPS7YQS4HPT,3IJXV6UZ1XK64OASKDR29CRFLUIIRI,99,9/14/2017 2:25:14 PM,9/14/2017 2:26:53 PM,Approved,0.35,0.00,JDA335XQQ,,,
A3IJNWM14T6CN7,3JRJSWSMQHM25HN4D40F6ZQ7NNY3ET,131,9/14/2017 2:47:59 PM,9/14/2017 2:50:11 PM,Approved,0.35,0.00, JDA335XQQ,,,
AHIPB9HCQMI07,3Q8GYXHFEP3QMYQUVWIDV8OOG795CP,213,9/14/2017 2:21:40 PM,9/14/2017 2:25:14 PM,Approved,0.35,0.00,JDA335XQQ,,,
A1KFUXSVGSHL5Z,32EYX73OY0ABDF5SEUGGSFFQFQARU6,175,9/14/2017 3:18:27 PM,9/14/2017 3:21:22 PM,Approved,0.35,0.00,JDA335XQQ,,,
A1NHQ59G0I4LQT,358UUM7WRZ49F4TW1MN5IN167E8R7X,124,9/14/2017 2:33:51 PM,9/14/2017 2:35:55 PM,Approved,0.35,0.00,JDA335XQQ,,,
AB6KS47LZ31VZ,3TUI152ZZBOVSHZUZRHWCN0O8681QB,166,9/14/2017 2:42:48 PM,9/14/2017 2:45:34 PM,Approved,0.35,0.00,JDA335XQQ,,,
A2ADP8OZY39H5A,3W92K5RLWUIML7WUMDDIL0CD1EOV5D,156,9/14/2017 2:21:26 PM,9/14/2017 2:24:03 PM,Approved,0.35,0.00,JDA335XQQ,,,
A1QX6AXRT6T94R,3HOSI13XHZPVV3B1AYV7DQUYEOJDD5,180,9/14/2017 2:22:42 PM,9/14/2017 2:25:42 PM,Approved,0.35,0.00,JDA335XQQ,,,
A392X2J1RM2X8E,3GM6G9ZBKNY5GMDB9HUP1KZEQO0MTG,113,9/14/2017 2:34:32 PM,9/14/2017 2:36:25 PM,Approved,0.35,0.00,JDA335XQQ,,,
A3QN9B9ZS1CWWM,3ZWFC4W1UU8MUX82J5LH6FEN52QFRO,206,9/14/2017 2:21:01 PM,9/14/2017 2:24:27 PM,Approved,0.35,0.00,JDA335XQQ,,,
A47N8CFWDAXNH,3L6L49WXW0YNRUDF2HCVCAC0OUT45C,218,9/14/2017 2:27:31 PM,9/14/2017 2:31:09 PM,Approved,0.35,0.00,JDA335XQQ,,,
A1P14RA5FX3HPD,34HJIJKLP5X4POSU88U8G86Z1IV4VJ,191,9/14/2017 2:34:02 PM,9/14/2017 2:37:13 PM,Approved,0.35,0.00,JDA335XQQ,,,
A1VBINGZKSCKL0,3JMSRU9HQIVMHQPNXE6LPUIQE7OEVY,166,9/14/2017 2:27:03 PM,9/14/2017 2:29:50 PM,Approved,0.35,0.00,JDA335XQQ,,,
A21KU81RRUYR6G,39O5D9O87TTN8J3QHDUKGBQ42BI3CX,117,9/14/2017 2:23:01 PM,9/14/2017 2:24:58 PM,Approved,0.35,0.00,JDA335XQQ,,,
A208WEZYBBV5JQ,30OG32W0SUC99LGEVNKUFDODS4QNEU,93,9/14/2017 3:08:00 PM,9/14/2017 3:09:34 PM,Approved,0.35,0.00,JDA335XQQ,,,
A13LAT8QCT8TVJ,3PZDLQMM0TMYN177DDGFX1LCWXMC2Z,223,9/14/2017 3:04:51 PM,9/14/2017 3:08:34 PM,Approved,0.35,0.00,JDA335XQQ,,,
A1OEIXTKVEO6EU,32Z9ZLUT1LL3BG7SM3SDF5LVAUNHOJ,1881,9/14/2017 3:04:13 PM,9/14/2017 3:35:35 PM,Approved,0.35,0.00,JDA335XQQ,,,
A2KISOEXKF5OTJ,3VBEN272MK049C4A9ER4EAJVSJ9SGO,171,9/14/2017 2:31:18 PM,9/14/2017 2:34:09 PM,Approved,0.35,0.00,JDA335XQQ,,,
A3VOYK4UGI5BJF,3MYYFCXHJ38L7R2ZJDVMG73PE394GW,126,9/14/2017 2:43:26 PM,9/14/2017 2:45:33 PM,Approved,0.35,0.00,JDA335XQQ,,,
A1A3B77BG6NV8Y,34BBWHLWHACBCKREJ718WBZWD9WWIY,140,9/14/2017 2:19:15 PM,9/14/2017 2:21:35 PM,Approved,0.35,0.00,JDA335XQQ,,,
A1KRYIRDA2OOWC,37TRT2X24QSFJSD96YQCLY1BGN4BJA,193,9/14/2017 2:24:42 PM,9/14/2017 2:27:55 PM,Approved,0.35,0.00,JDA335XQQ,,,
A2VYZ5AWTLAL0T,34J10VATJFZ6SNVS7Y224MHAP9NIQQ,146,9/14/2017 3:32:40 PM,9/14/2017 3:35:06 PM,Approved,0.35,0.00,JDA335XQQ,,,
A3OLRWACCCCUTU,3NAPMVF0ZWGSBKCBMW84HFTYVMR27S,746,9/14/2017 2:19:55 PM,9/14/2017 2:32:21 PM,Approved,0.35,0.00,JDA335XQQ,,,
A7ARLVESOUAOL,3TXWC2NHNZRPU2H2V8LUMTX8O6E9SE,58,9/14/2017 2:20:45 PM,9/14/2017 2:21:43 PM,Approved,0.35,0.00,JDA335XQQ,,,
A16R3CHSBZD1BU,3XLBSAQ9Z4DIHVFNB3HI4Q35GWV7ZC,224,9/14/2017 3:10:48 PM,9/14/2017 3:14:33 PM,Approved,0.35,0.00,JDA335XQQ,,,
A2AXR1HZ89JXD5,3EKVH9QMEY58STDLD9BQH73UHXWD2Y,137,9/14/2017 2:38:29 PM,9/14/2017 2:40:46 PM,Approved,0.35,0.00,JDA335XQQ,,,
A1TKMDI890M1DE,39KFRKBFINWPXBXHW3W115GY0R1OYS,169,9/14/2017 3:18:34 PM,9/14/2017 3:21:23 PM,Approved,0.35,0.00,JDA335XQQ,,,
A2JMDJEEHTOSA3,386CSBG1OZNQZ30R5XTD7JR5GHLQ6V,182,9/14/2017 2:24:44 PM,9/14/2017 2:27:47 PM,Approved,0.35,0.00,JDA335XQQ,,,
A1ZDR2UN7M92LI,3C6FJU71TQUKAGHESP8A0B8NICOUY8,134,9/14/2017 3:07:34 PM,9/14/2017 3:09:48 PM,Approved,0.35,0.00,JDA335XQQ,,,
A24Q3ZTP8ZNHP6,3IXQG4FA2TZQDG00KMZZW4N8KISB9F,156,9/14/2017 2:24:00 PM,9/14/2017 2:26:37 PM,Approved,0.35,0.00,JDA335XQQ,,,
A1FS8SBR4SDWYG,3QBD8R3Z21K9Z4JX7W8ULGCR5PXO40,239,9/14/2017 2:26:49 PM,9/14/2017 2:30:49 PM,Approved,0.35,0.00,JDA335XQQ,,,
A2WAQ89S9G6FXQ,37QW5D2ZRGNPGXYSQGFGMX2X40XS89,172,9/14/2017 2:37:11 PM,9/14/2017 2:40:03 PM,Approved,0.35,0.00,JDA335XQQ,,,
A3L6TO881Q0GZS,3GNCZX450IO6MTBFVXV0NJ3H74QPAU,339,9/14/2017 2:35:22 PM,9/14/2017 2:41:02 PM,Approved,0.35,0.00,JDA335XQQ,,,
A3630GK2PAR9R6,39PAAFCODM1O697KN9VGOGIRHHFTV7,166,9/14/2017 3:03:40 PM,9/14/2017 3:06:27 PM,Approved,0.35,0.00,JDA335XQQ,,,
A2K2S0P331IZHL,3YMU66OBIN9FJ3QUYKF5AWCTJ8UHGU,516,9/14/2017 2:42:09 PM,9/14/2017 2:50:45 PM,Approved,0.35,0.00,JDA335XQQ,,,
A1YH4LT7EAYT47,3TYCR1GOTCKHWG4PFXISNVL6BFVLZS,563,9/14/2017 2:26:07 PM,9/14/2017 2:35:31 PM,Approved,0.35,0.00,JDA335XQQ,,,
AI9NJ89EXVDY1,32ZKVD547FO4YEBK3DYP5RKMKQJ3BR,154,9/14/2017 2:31:12 PM,9/14/2017 2:33:47 PM,Approved,0.35,0.00,JDA335XQQ,,,
A1JFQYGO8M6EWX,31T4R4OBOSH5924DJPXATS2K7D4C7B,159,9/14/2017 2:19:19 PM,9/14/2017 2:21:58 PM,Approved,0.35,0.00,JDA335XQQ,,,
AIEJ3ECA0KG9F,3KKG4CDWKIZ6SHFR57PCOQH2AQE495,80,9/14/2017 2:42:53 PM,9/14/2017 2:44:13 PM,Approved,0.35,0.00,JDA335XQQ,,,
A34IR43LQJEA8C,3WI0P0II61TPWDU6SZQRIFB2TPBRDQ,50,9/14/2017 2:34:44 PM,9/14/2017 2:35:34 PM,Approved,0.35,0.00,JDA335XQQ,,,
AY4LR4O9XWY56,33L7PJKHCGZQVXB7FGK6W2YJ6JAT8Y,142,9/14/2017 2:26:43 PM,9/14/2017 2:29:05 PM,Approved,0.35,0.00,JDA335XQQ,,,
AABI42PYKNYLI,3GGAI1SQEVZOU5B0NVZZCAZA235MC4,117,9/14/2017 3:24:37 PM,9/14/2017 3:26:34 PM,Approved,0.35,0.00,JDA335XQQ,,,
A3KHKFLJZN00QI,32RIADZISS5OXWBQEDP35LMS2F64SL,51,9/14/2017 3:18:40 PM,9/14/2017 3:19:31 PM,Approved,0.35,0.00,JDA335XQQ,,,
A4EHVKHMMEFEP,37Q970SNZE975XE7RV617NFPQURS1P,172,9/14/2017 2:36:05 PM,9/14/2017 2:38:58 PM,Approved,0.35,0.00,JDA335XQQ,,,
AKPXWXJFLHM08,3YWRV122CS05VAQWFLAG1YKLPXJ8U6,186,9/14/2017 2:41:13 PM,9/14/2017 2:44:20 PM,Approved,0.35,0.00,JDA335XQQ,,,
A3K78FG696O9KL,3R5F3LQFV2LP217MSPYKFCP06L5OZJ,2394,9/14/2017 3:18:52 PM,9/14/2017 3:58:47 PM,Approved,0.35,0.00,JDA335XQQ,,,
A2LT2201O6A4QS,3QY5DC2MXRLEAP0JNZGMBQ17C1YUFB,108,9/14/2017 3:06:08 PM,9/14/2017 3:07:56 PM,Approved,0.35,0.00,JDA335XQQ,,,
AOLQA0CBEC46G,3UWN2HHPUY6AJ4LWWI4Z4USSTVYSNZ,2432,9/14/2017 2:57:09 PM,9/14/2017 3:37:42 PM,Approved,0.35,0.00,JDA335XQQ,,,
A11A9P82LT2M0H,340UGXU9DY236MM9NELQTC4T0VJUVW,164,9/14/2017 3:01:42 PM,9/14/2017 3:04:26 PM,Approved,0.35,0.00,JDA335XQQ,,,
A3SN5P43U6KKLT,3A4TN5196KJ22RAPWYJMK5RELG0CHD,216,9/14/2017 2:20:02 PM,9/14/2017 2:23:38 PM,Approved,0.35,0.00,JDA335XQQ,,,
AJNQ2PBD07FKE,30OG32W0SUC99LGEVNKUFDODS4MENH,127,9/14/2017 2:26:13 PM,9/14/2017 2:28:21 PM,Approved,0.35,0.00,JDA335XQQ,,,
A3PYNS3ZLLJJRP,3RYC5T2D73UYLAXWX8HMI9SR78GRP6,201,9/14/2017 2:53:33 PM,9/14/2017 2:56:54 PM,Approved,0.35,0.00,JDA335XQQ,,,
AVI7UDWV0Y3W3,34V1S5K3GS2K74J5OVIRLO1G6HH69P,3780,9/14/2017 2:24:27 PM,9/14/2017 3:27:27 PM,Approved,0.35,0.00,JDA335XQQ,,,
A33WAGEDFMSQSY,3VAR3R6G1P2AI56ZJZY72SSW7CY8OY,545,9/14/2017 3:13:07 PM,9/14/2017 3:22:12 PM,Approved,0.35,0.00,JDA335XQQ,,,
AWCZ4NEHZ0XG9,3EG49X351UDA8013RBO51RNYDK86X8,287,9/14/2017 2:20:09 PM,9/14/2017 2:24:56 PM,Approved,0.35,0.00,JDA335XQQ,,,
A10LGIY5HFYMZM,3SB4CE2TJVWBV2D6HO5HHWPK93ZXAQ,186,9/14/2017 2:37:13 PM,9/14/2017 2:40:19 PM,Approved,0.35,0.00,JDA335XQQ,,,
A3FPXLLF0B8CIC,3UOUJI6MTDFVABR4NTM8HX1EG6PXU0,264,9/14/2017 2:21:13 PM,9/14/2017 2:25:38 PM,Approved,0.35,0.00,JDA335XQQ,,,
A3DRKJIAWYMA9F,3V5Q80FXIXSAA1BOKK5E4YHIQK532O,217,9/14/2017 2:22:02 PM,9/14/2017 2:25:39 PM,Approved,0.35,0.00,JDA335XQQ,,,
A3LT7W355XOAKF,3DQQ64TANGM3T6EIW2RS5808ZNRWPA,3188,9/14/2017 2:19:37 PM,9/14/2017 3:12:46 PM,Approved,0.35,0.00,JDA335XQQ,,,
A2NH6M60H95WIO,33M4IA01QG23UJZNJZR3CMEU97LXRW,318,9/14/2017 2:21:05 PM,9/14/2017 2:26:24 PM,Approved,0.35,0.00,JDA335XQQ,,,
A1L3VYVRPNGGQP,3Z4XG4ZF48SXCEKRKQL3L5JPJFZ8XX,337,9/14/2017 2:33:07 PM,9/14/2017 2:38:45 PM,Approved,0.35,0.00,JDA335XQQ,,,
A1CB2A9NEL2D7E,39OWYR0EPKSVRYKOX0DBEB7K8QAFYX,150,9/14/2017 3:12:11 PM,9/14/2017 3:14:42 PM,Approved,0.35,0.00, JDA335XQQ,,,
A1CGGZRO2JUQUG,3AWETUDC92TF6FWJUULFVFTEUB1IZB,160,9/14/2017 2:26:09 PM,9/14/2017 2:28:50 PM,Approved,0.35,0.00,JDA335XQQ,,,
A9N9Y3H7FCWEF,3WT783CTPBISBE73W69QYUOGQ40CB4,176,9/14/2017 3:16:49 PM,9/14/2017 3:19:45 PM,Approved,0.35,0.00,JDA335XQQ,,,
A18Q2TSYBDWQU1,3RSDURM96AN3LKKS2PT5WTMKWOUEYB,114,9/14/2017 3:05:35 PM,9/14/2017 3:07:30 PM,Approved,0.35,0.00,JDA335XQQ,,,
A3UWBIOJF23CZJ,3VNXK88KKCJ5MUY6P3QZXGHFNABV98,114,9/14/2017 2:58:01 PM,9/14/2017 2:59:55 PM,Approved,0.35,0.00,JDA335XQQ,,,
AT6LDQNLKTUSE,3TK8OJTYM1MQEHED6SMWJ6HUSEPPVT,2325,9/14/2017 2:19:22 PM,9/14/2017 2:58:07 PM,Approved,0.35,0.00,JDA335XQQ,,,
A2DP32IQRO1N6K,3DQQ64TANGM3T6EIW2RS5808ZNRPW3,281,9/14/2017 2:19:38 PM,9/14/2017 2:24:19 PM,Approved,0.35,0.00,JDA335XQQ,,,
A1DZ1P1YBJ29PU,392CY0QWG1SZ3I8U91VP1JG5TGY4IL,2585,9/14/2017 2:20:03 PM,9/14/2017 3:03:08 PM,Approved,0.35,0.00, JDA335XQQ,,,
A2H8GNSEVUJXYL,3OSWBBLG1EY9T9GI1YWJ7XXQU6ZXDV,116,9/14/2017 3:08:42 PM,9/14/2017 3:10:39 PM,Approved,0.35,0.00,JDA335XQQ,,,
A39XD5I3E00YO3,3YHH42UU5BGKUVYZB350HWIKT9I0LN,139,9/14/2017 3:21:16 PM,9/14/2017 3:23:36 PM,Approved,0.35,0.00,JDA335XQQ,,,
AOYEKAEEXR1QY,3R9WASFE2ZHVWOUTTMFUSIGMEKEZF8,145,9/14/2017 3:18:14 PM,9/14/2017 3:20:39 PM,Approved,0.35,0.00,JDA335XQQ,,,
A240OTT1T85UGT,3U5JL4WY5KAWTDXP8NVQ4T3KHT24XL,610,9/14/2017 2:20:46 PM,9/14/2017 2:30:56 PM,Approved,0.35,0.00,JDA335XQQ,,,
A3X6N2OAY5XY8,3HWRJOOET536PY8J3J1GE7YJF3UEST,811,9/14/2017 2:26:14 PM,9/14/2017 2:39:45 PM,Approved,0.35,0.00,JDA335XQQ,,,
ALF9AAZGQP4K5,3IQ1VMJRYTLLU6V8E8Z31T3220AA9M,912,9/14/2017 2:47:08 PM,9/14/2017 3:02:20 PM,Approved,0.35,0.00,JDA335XQQ,,,
A8HQT8FK59SVO,3IX2EGZR7BK2ZZUY2VC2LD6FY9BRJ7,229,9/14/2017 3:06:51 PM,9/14/2017 3:10:40 PM,Approved,0.35,0.00,JDA335XQQ,,,
AL7L4BS9AW3TI,39L1G8WVWQS3LGTS1G50ZF7DYET137,225,9/14/2017 2:40:17 PM,9/14/2017 2:44:03 PM,Approved,0.35,0.00,JDA335XQQ,,,
A33S9Z0SQC71A0,3VA45EW49NOS75MEKEPSNI5OT5PO1P,284,9/14/2017 2:41:19 PM,9/14/2017 2:46:03 PM,Approved,0.35,0.00,JDA335XQQ,,,
A3NUI0LC6EQ40A,3PMBY0YE2749NLS6YMVU7OTQ24YC9V,171,9/14/2017 3:24:19 PM,9/14/2017 3:27:10 PM,Approved,0.35,0.00,JDA335XQQ,,,
A2YMHHRV5ZIRKM,3C44YUNSI1Q4K0ERF7M2DKBNS8SDPR,118,9/14/2017 3:23:21 PM,9/14/2017 3:25:20 PM,Approved,0.35,0.00,JDA335XQQ,,,
AXEXQBM7B2QT9,3OE22WJIGIPB1EQS1FRGNP5LJ35QUZ,214,9/14/2017 2:41:55 PM,9/14/2017 2:45:29 PM,Approved,0.35,0.00,JDA335XQQ,,,
A1KSJZHZHJ20AX,37FMASSAYCSJOHT3OG5C9XMB39NIBF,1427,9/14/2017 3:45:22 PM,9/14/2017 4:09:09 PM,Approved,0.35,0.00,JDA335XQQ,,,
A26NH1I9XOF79Q,3HYA4D452RK5QDRH4F6G576FTAB2FX,158,9/14/2017 2:29:37 PM,9/14/2017 2:32:15 PM,Approved,0.35,0.00,JDA335XQQ,,,
A2YW4VELH6BK6T,3Y4W8Q93LZLHPKBN1JV1JC05EVPDV6,198,9/14/2017 2:40:10 PM,9/14/2017 2:43:29 PM,Approved,0.35,0.00,JDA335XQQ,,,
AP43EYS9D1Z9E,3KMS4QQVK2R07TV7TLCK53S9AAXKF1,237,9/14/2017 2:34:55 PM,9/14/2017 2:38:52 PM,Approved,0.35,0.00,JDA335XQQ,,,
A2SX86U1C63UN9,31T4R4OBOSH5924DJPXATS2K7D8C7F,113,9/14/2017 3:06:04 PM,9/14/2017 3:07:57 PM,Approved,0.35,0.00,JDA335XQQ,,,
A3VPD34C23PQTQ,3QAPZX2QN4EET9CR1XNV20JBN9Q20Z,97,9/14/2017 3:07:11 PM,9/14/2017 3:08:49 PM,Approved,0.35,0.00,JDA335XQQ,,,
A24W1M0GILRCJ3,3EG49X351UDA8013RBO51RNYDKAX61,172,9/14/2017 2:46:15 PM,9/14/2017 2:49:07 PM,Approved,0.35,0.00,JDA335XQQ,,,
A4MNEMGPU0KAD,3WAKVUDHUWH1VWLD5GIANYOQEDB7UG,141,9/14/2017 2:22:38 PM,9/14/2017 2:24:59 PM,Approved,0.35,0.00,JDA335XQQ,,,
A32J0WKL5KD8C0,3VSOLARPKBALALWN5TKTELPWWQF39G,393,9/14/2017 2:22:50 PM,9/14/2017 2:29:24 PM,Approved,0.35,0.00,JDA335XQQ,,,
A18RC3AV8098WD,3HWRJOOET536PY8J3J1GE7YJF3XSEA,211,9/14/2017 2:56:53 PM,9/14/2017 3:00:24 PM,Approved,0.35,0.00,JDA335XQQ,,,
A2L5P4WPYG30UN,3IAS3U3I0FHFDWF1ZDKKMHFUECJ2BF,109,9/14/2017 2:29:44 PM,9/14/2017 2:31:33 PM,Approved,0.35,0.00,JDA335XQQ,,,
A2H0CQBTAZUBZI,37M28K1J0QEA0I8H0KQGQNH5Y6OAJL,92,9/14/2017 3:11:20 PM,9/14/2017 3:12:52 PM,Approved,0.35,0.00,JDA335XQQ,,,
AHI4R9YE0SF9E,36U2A8VAG1067KC2YB48UOZPGLMYKB,211,9/14/2017 2:26:48 PM,9/14/2017 2:30:19 PM,Approved,0.35,0.00,JDA335XQQ,,,
A2LI0QVPKA5CG8,3JNQLM5FT4NRQ51DQQ9E0KBZQ6WL2K,137,9/14/2017 2:23:38 PM,9/14/2017 2:25:56 PM,Approved,0.35,0.00,JDA335XQQ,,,
A18ZOLS2FGK8H7,3PMBY0YE2749NLS6YMVU7OTQ23U9CM,199,9/14/2017 2:41:32 PM,9/14/2017 2:44:52 PM,Approved,0.35,0.00,JDA335XQQ,,,
A2XGT7ZK4OHC1F,3E337GFOL997TZC51IAIFG9P5K4NGA,164,9/14/2017 2:58:49 PM,9/14/2017 3:01:34 PM,Approved,0.35,0.00,JDA335XQQ,,,
A1QSUIQRZFQ85E,32SVAV9L3FAZF46SXZYTAG0G28X3AV,234,9/14/2017 2:22:49 PM,9/14/2017 2:26:44 PM,Approved,0.35,0.00,JDA335XQQ,,,
A2SN9S7CGIDSRI,3RRCEFRB7MDPGAUO3R38FWCSYQEB4J,130,9/14/2017 2:23:45 PM,9/14/2017 2:25:55 PM,Approved,0.35,0.00,JDA335XQQ,,,
A1PGI3MHP9JZL4,3L4PIM1GQTHSUOPXOVD5V0L3BDJYR7,1005,9/14/2017 2:53:47 PM,9/14/2017 3:10:33 PM,Approved,0.35,0.00,JDA335XQQ,,,
AYVNBNVR4NO6T,3Z9WI9EOZZPKLPMDOB0K8O4MQPAHKW,2816,9/14/2017 2:34:52 PM,9/14/2017 3:21:49 PM,Approved,0.35,0.00,JDA335XQQ,,,
A2MJ0UWP0QD796,3TE22NPXPBD5VB9FOCTL7I6MOY144A,199,9/14/2017 3:02:26 PM,9/14/2017 3:05:46 PM,Approved,0.35,0.00,JDA335XQQ,,,
A1J21DM2Z753X4,37W3JXSD669X2K6JNPNBIZTK3SYWY8,155,9/14/2017 2:55:57 PM,9/14/2017 2:58:33 PM,Approved,0.35,0.00,JDA335XQQ,,,
AISNLDPD2DFEG,30LB5CDZNCB4ZKF3Q4W9PBTI8HNZ00,180,9/14/2017 2:55:14 PM,9/14/2017 2:58:15 PM,Approved,0.35,0.00,JDA335XQQ,,,
ADBDQ7FTFHKCR,3K3R2QNK8B459F96KDGU1UFW93ZU9F,99,9/14/2017 2:28:52 PM,9/14/2017 2:30:32 PM,Approved,0.35,0.00,JDA335XQQ,,,
A3U3BDOFZ80PGH,32UTUBMZ7GXOAND3NN4VOMC5BBGVBM,102,9/14/2017 3:20:22 PM,9/14/2017 3:22:04 PM,Approved,0.35,0.00, JDA335XQQ,,,
A2O2BJS2PK29DP,392CY0QWG1SZ3I8U91VP1JG5TGZ4IM,332,9/14/2017 2:28:37 PM,9/14/2017 2:34:10 PM,Approved,0.35,0.00,JDA335XQQ,,,
ADCXF6QY5T046,3NKQQ8O39Y6HC5MNWTLWNQYM0PKDUN,2375,9/14/2017 3:23:28 PM,9/14/2017 4:03:04 PM,Approved,0.35,0.00,JDA335XQQ,,,
ADWPGLPZY9W2D,369J354OFDBZME6D21O1D5N3AUCG6Q,1219,9/14/2017 2:21:59 PM,9/14/2017 2:42:19 PM,Approved,0.35,0.00,JDA335XQQ,,,
A2DB5PGPTMYVSD,3YW4XOSQKQMNKA6BG011MOXDBSG1UK,543,9/14/2017 3:06:48 PM,9/14/2017 3:15:52 PM,Approved,0.35,0.00,JDA335XQQ,,,
AAY1QUMXQSAIQ,3WMINLGALB4NS42BQS9U3J4A8LECA6,177,9/14/2017 3:06:23 PM,9/14/2017 3:09:20 PM,Approved,0.35,0.00,JDA335XQQ,,,
A2VU177LZZVE5S,3I0BTBYZAXM4UU5YUIUQB4KG2NG0Y7,144,9/14/2017 2:24:38 PM,9/14/2017 2:27:02 PM,Approved,0.35,0.00,JDA335XQQ,,,
A1ZRK6K5JUPJAV,39DD6S19JPC3QAUXYBVOA0VM2IXEZ1,133,9/14/2017 2:54:56 PM,9/14/2017 2:57:10 PM,Approved,0.35,0.00,JDA335XQQ,,,
AEZ64TVDZQOU6,3VELCLL3GKKY1S9LLB620OWA14WF1S,328,9/14/2017 2:19:22 PM,9/14/2017 2:24:50 PM,Approved,0.35,0.00,JDA335XQQ,,,
AGCGQD0XVR8YM,37W3JXSD669X2K6JNPNBIZTK3SVWY5,103,9/14/2017 2:29:34 PM,9/14/2017 2:31:17 PM,Approved,0.35,0.00,JDA335XQQ,,,
A3LTB4N42X501J,3BDCF01OGXVHRQUKJBG99OC45LSLY2,223,9/14/2017 2:32:57 PM,9/14/2017 2:36:41 PM,Approved,0.35,0.00,JDA335XQQ,,,
A2S5CMTSN42YWM,3X4MXAO0BGPO5JUX9UVHA30N05GRWY,214,9/14/2017 2:30:09 PM,9/14/2017 2:33:43 PM,Approved,0.35,0.00,JDA335XQQ,,,
A12NNJKHIZP1TY,3C44YUNSI1Q4K0ERF7M2DKBNS7MDPJ,177,9/14/2017 2:23:38 PM,9/14/2017 2:26:36 PM,Approved,0.35,0.00,JDA335XQQ,,,
A1MADOUB1BA0A5,3LKC68YZ3A4L862HH2EDG8VIPIVWOT,116,9/14/2017 2:19:53 PM,9/14/2017 2:21:49 PM,Approved,0.35,0.00,JDA335XQQ,,,
A2389DERMNF3ZB,36U2A8VAG1067KC2YB48UOZPGLNYKC,1133,9/14/2017 2:35:15 PM,9/14/2017 2:54:09 PM,Approved,0.35,0.00,JDA335XQQ,,,
A18EJR0U61DDII,3137ONMDKG63ZTZS8J7ZPTFGRT5GEI,362,9/14/2017 3:12:57 PM,9/14/2017 3:19:00 PM,Approved,0.35,0.00, JDA335XQQ,,,
A244X2KYRPNOEO,3WQQ9FUS6AVQZBHQFUTLW8SX0CDB8T,106,9/14/2017 2:51:18 PM,9/14/2017 2:53:05 PM,Approved,0.35,0.00,JDA335XQQ,,,
A3QMWLH7A7NSVN,3VD82FOHKQPCU8WC0BEC4EOFX2EOCD,250,9/14/2017 2:27:18 PM,9/14/2017 2:31:28 PM,Approved,0.35,0.00,JDA335XQQ,,,
A36X54Z0EPUUOQ,31Q0U3WYDPGLMZUF3S8QCWJT3GD71G,245,9/14/2017 2:20:02 PM,9/14/2017 2:24:08 PM,Approved,0.35,0.00,JDA335XQQ,,,
AWE9A4ZOP9LNU,3AAPLD8UCCIJO8C0IKEC9FRI920HT1,125,9/14/2017 2:22:34 PM,9/14/2017 2:24:39 PM,Approved,0.35,0.00,JDA335XQQ,,,
A2MW5S0XS0D5MN,3GNA64GUZE5UGZ0D0EJ8FDD5KMAQ5F,270,9/14/2017 2:25:14 PM,9/14/2017 2:29:44 PM,Approved,0.35,0.00,JDA335XQQ,,,
ABQ1B3GQ8AOTH,3VHHR074H3IYC6YJW2Q9WBS71MIL70,180,9/14/2017 2:24:33 PM,9/14/2017 2:27:34 PM,Approved,0.35,0.00,JDA335XQQ,,,
A26L7403RHRQP8,33OOO72IVHMS701KWS0BYOU2WAYTC7,93,9/14/2017 2:51:50 PM,9/14/2017 2:53:24 PM,Approved,0.35,0.00,JDA335XQQ,,,
ALVNLAB9WP9I4,3NLZY2D53PQ8IO3YS1ZFW2926CAQL3,2666,9/14/2017 2:25:24 PM,9/14/2017 3:09:51 PM,Approved,0.35,0.00,JDA335XQQ,,,
A2V0ADROWMC2ZM,3AAPLD8UCCIJO8C0IKEC9FRI921HT2,197,9/14/2017 2:31:43 PM,9/14/2017 2:35:01 PM,Approved,0.35,0.00,JDA335XQQ,,,
A14OSI1BNJI40A,34Q075JO1XE74OUVITNHXH96V2710A,41,9/14/2017 2:24:40 PM,9/14/2017 2:25:22 PM,Rejected,0.00,0.00,A14OSI1BNJI40A,,,
A35ARURSRU6UAZ,3PS7W85Z8Z3Q92UHK8QKWYTUQPTT9O,175,9/14/2017 2:32:44 PM,9/14/2017 2:35:39 PM,Approved,0.35,0.00,JDA335XQQ,,,
A308QGLJECJUFQ,31UV0MXWNQDHZ1CUN6EZ6BMJTCT5IR,294,9/14/2017 2:21:59 PM,9/14/2017 2:26:53 PM,Approved,0.35,0.00,JDA335XQQ,,,
A2P0UKN1U3LHMO,38BQUHLA9W1P3U83D08Q7ATRRGMMOX,221,9/14/2017 3:04:11 PM,9/14/2017 3:07:53 PM,Approved,0.35,0.00,JDA335XQQ,,,
A5F9JWDRKPJ9,3X31TUMD7XNK1KJH7M90V11UY0K1LL,164,9/14/2017 2:35:50 PM,9/14/2017 2:38:35 PM,Approved,0.35,0.00,JDA335XQQ,,,
A295XEF30H0NH5,34YB12FSQYP1BHR5PHVI21KP0USMG7,196,9/14/2017 2:33:53 PM,9/14/2017 2:37:09 PM,Approved,0.35,0.00,JDA335XQQ,,,
A29IZXNMASKC2G,3XCC1ODXDLCJLMYBXLWBIEI1C43RQY,416,9/14/2017 3:07:37 PM,9/14/2017 3:14:33 PM,Approved,0.35,0.00,JDA335XQQ,,,
A2Y3PKD4YGLTKG,3QIYRE09Y3IAPKM2JZPF8T5J3WNN1E,167,9/14/2017 3:17:30 PM,9/14/2017 3:20:17 PM,Approved,0.35,0.00, JDA335XQQ,,,
A3MWADCKOJNBPI,3PPTZCWALQLSNDK272QO4HK0LMOQZU,140,9/14/2017 3:24:22 PM,9/14/2017 3:26:43 PM,Approved,0.35,0.00,JDA335XQQ,,,
A115UFR6VA6OM1,3LEIZ60CDJ0MVE3GQ0F2IMUBBLDZ98,458,9/14/2017 2:19:58 PM,9/14/2017 2:27:37 PM,Approved,0.35,0.00,JDA335XQQ,,,
A28PG3NQXF9VAA,3OHYZ19UGC6O1TZEGXILYJYRXZWAO0,174,9/14/2017 2:48:54 PM,9/14/2017 2:51:49 PM,Approved,0.35,0.00,JDA335XQQ,,,
A17SCJYQDUDSFS,3VSOLARPKBALALWN5TKTELPWWRL39O,59,9/14/2017 3:21:23 PM,9/14/2017 3:22:23 PM,Approved,0.35,0.00, JDA335XQQ,,,
ALDQRWYZ8KQ9A,3M0BCWMB8VX1PCD8DX9RAOVJIJDBW5,1271,9/14/2017 2:26:32 PM,9/14/2017 2:47:44 PM,Approved,0.35,0.00,JDA335XQQ,,,
A3D6DQGF78M17W,3XUHV3NRVKZH361AHOWE6ZL4TZF5HZ,196,9/14/2017 2:30:14 PM,9/14/2017 2:33:31 PM,Approved,0.35,0.00,JDA335XQQ,,,
AI4AO0O0WIJF7,3DH6GAKTYYQ1WFBOYC7IH3N2KV4ZY5,91,9/14/2017 3:19:41 PM,9/14/2017 3:21:13 PM,Approved,0.35,0.00, JDA335XQQ,,,
A2EKCV8E75NJYW,3SLE99ER0NE5J7IDOKTY9SP1ZLHZBJ,154,9/14/2017 2:28:44 PM,9/14/2017 2:31:19 PM,Approved,0.35,0.00,JDA335XQQ,,,
A3NK3VPYRHZBW8,3YGXWBAF70I8QFMUHRZ3QGIAGBG4CL,2606,9/14/2017 2:37:09 PM,9/14/2017 3:20:35 PM,Approved,0.35,0.00,JDA335XQQ,,,
A38R7SIVV118KT,3YDGXNSEOZV6ECWH0FJYOUMRQKW84K,171,9/14/2017 2:48:18 PM,9/14/2017 2:51:09 PM,Approved,0.35,0.00,JDA335XQQ,,,
A1KWJ1MMFJB515,39GAF6DQWR1NXPVBLQB6IAZWPZPV13,198,9/14/2017 3:20:16 PM,9/14/2017 3:23:35 PM,Approved,0.35,0.00,JDA335XQQ,,,
A154A1OVHFBDER,3TAYZSBPLL9EUIW3AZ6FC6PUI05S26,241,9/14/2017 2:36:11 PM,9/14/2017 2:40:12 PM,Approved,0.35,0.00,JDA335XQQ,,,
A28FW73RBVGYZ9,3UWN2HHPUY6AJ4LWWI4Z4USSTVUSNV,1757,9/14/2017 2:19:24 PM,9/14/2017 2:48:42 PM,Approved,0.35,0.00,JDA335XQQ,,,
AS4DRUYZ5E2X7,30X31N5D63R3ZLR7NEZUIO8SUOWASU,322,9/14/2017 2:23:02 PM,9/14/2017 2:28:25 PM,Approved,0.35,0.00,JDA335XQQ,,,
A3GXEJ6VWRXBXW,35K3O9HUABEXLT3XXZ1H78F4QD3FEE,130,9/14/2017 2:48:28 PM,9/14/2017 2:50:38 PM,Approved,0.35,0.00,JDA335XQQ,,,
A1NP7GSYXECK2H,373ERPL3YO9WD2Q3EPQ6NJTOWB1RTB,162,9/14/2017 2:55:04 PM,9/14/2017 2:57:46 PM,Approved,0.35,0.00,JDA335XQQ,,,
A1HRMDCPPZ5GPH,32Q90QCQ1SM81FVBYASENL79Y9KEKF,104,9/14/2017 2:53:43 PM,9/14/2017 2:55:28 PM,Approved,0.35,0.00,JDA335XQQ,,,
A3AY059NMP3VIZ,3SUWZRL0MYE120AMW6YDD22RXEXE67,408,9/14/2017 2:24:41 PM,9/14/2017 2:31:29 PM,Approved,0.35,0.00,JDA335XQQ,,,
AYC6ZBDMR75Z9,3VSOLARPKBALALWN5TKTELPWWQI93P,166,9/14/2017 2:51:01 PM,9/14/2017 2:53:48 PM,Approved,0.35,0.00,JDA335XQQ,,,
A3EQ0CO7355BHE,3G2UL9A02DFGTLVC9YK77SAABRW76H,298,9/14/2017 2:45:23 PM,9/14/2017 2:50:21 PM,Approved,0.35,0.00,JDA335XQQ,,,
A1JCKICNOC7DAB,3483FV8BEEK97KY63M3CB1T20B726T,175,9/14/2017 2:20:11 PM,9/14/2017 2:23:06 PM,Approved,0.35,0.00,JDA335XQQ,,,
A3LO9SYHF0CJII,3KIBXJ1WD5VUD680SOVASX1N2BOKON,246,9/14/2017 2:32:05 PM,9/14/2017 2:36:12 PM,Approved,0.35,0.00,JDA335XQQ,,,
A3MSAPH8LZHMFL,3UOUJI6MTDFVABR4NTM8HX1EG6RXU2,116,9/14/2017 2:38:35 PM,9/14/2017 2:40:32 PM,Approved,0.35,0.00,JDA335XQQ,,,
A25P1KW7TYHI8F,37U1UTWH9VNDFIYFBRFBWNX1IYD8R0,129,9/14/2017 2:24:25 PM,9/14/2017 2:26:35 PM,Approved,0.35,0.00,JDA335XQQ,,,
A1UWUVHIHMKA5O,3K2755HG5S4STNPX14QX1QXJQ11FDK,169,9/14/2017 2:38:42 PM,9/14/2017 2:41:32 PM,Approved,0.35,0.00,JDA335XQQ,,,
A106X5YTVYPF43,3X1FV8S5JXSK14LE39W9PX32RN3GVH,126,9/14/2017 2:23:56 PM,9/14/2017 2:26:02 PM,Approved,0.35,0.00,JDA335XQQ,,,
AKQWJ8Y1TMHX0,3HRMW88U16R40DGKBF6FH9X9TD6M07,151,9/14/2017 3:03:09 PM,9/14/2017 3:05:41 PM,Approved,0.35,0.00,JDA335XQQ,,,
AMUC6OI4A2GY4,3TGOYF991XN3T7X9IOBLXQ2AMO9UU6,1580,9/14/2017 2:29:46 PM,9/14/2017 2:56:07 PM,Approved,0.35,0.00,JDA335XQQ,,,
AVHZJ2HQJG3NB,3R8YZBNQ9HJ933EWO7Y5DXR1BTB7QJ,161,9/14/2017 3:19:14 PM,9/14/2017 3:21:55 PM,Approved,0.35,0.00,JDA335XQQ,,,
AU3NJ6CG34UP,33C7UALJVLZPMDZYDX0WQWFOE0J814,171,9/14/2017 2:23:27 PM,9/14/2017 2:26:18 PM,Approved,0.35,0.00,JDA335XQQ,,,
A1TFCXLRFVKLD8,3IX2EGZR7BK2ZZUY2VC2LD6FY99RJ5,165,9/14/2017 2:43:08 PM,9/14/2017 2:45:54 PM,Approved,0.35,0.00,JDA335XQQ,,,
AF3ZUFKYQ9AG3,33NF62TLXJ3GCVH3CB35K1K13HDKJ3,231,9/14/2017 2:22:14 PM,9/14/2017 2:26:05 PM,Approved,0.35,0.00,JDA335XQQ,,,
A2SR9WL02COSQJ,35GMH2SV3EIRR6GQW2K7U2OIIEVOEA,172,9/14/2017 3:03:19 PM,9/14/2017 3:06:11 PM,Approved,0.35,0.00,JDA335XQQ,,,
A4TIA0LJ3Z5WP,3SLE99ER0NE5J7IDOKTY9SP1ZLHBZV,220,9/14/2017 2:26:55 PM,9/14/2017 2:30:36 PM,Approved,0.35,0.00,JDA335XQQ,,,
A18TBF2DOHSM9U,30H4UDGLT2J7OUK4S0L5WAYH1LIMPE,155,9/14/2017 3:04:13 PM,9/14/2017 3:06:48 PM,Approved,0.35,0.00,JDA335XQQ,,,
A162YP37U7OC5T,3IJXV6UZ1XK64OASKDR29CRFLVORIZ,101,9/14/2017 3:26:51 PM,9/14/2017 3:28:32 PM,Approved,0.35,0.00,JDA335XQQ,,,
A3PEM39ZVDZBOJ,32AT8R96GLANEU55TJGLIPKM1RSUSU,124,9/14/2017 3:07:10 PM,9/14/2017 3:09:15 PM,Approved,0.35,0.00,JDA335XQQ,,,
A3NF9B2NLCLZWT,3HHRAGRYX86AWAP9OR4L2ON7RIG9OO,2987,9/14/2017 3:15:28 PM,9/14/2017 4:05:16 PM,Approved,0.35,0.00,JDA335XQQ,,,
A1PKCBFB4QY19G,3TU5ZICBRD2D3HJFYCQBRXNWMCDQ8J,150,9/14/2017 2:47:44 PM,9/14/2017 2:50:15 PM,Approved,0.35,0.00,JDA335XQQ,,,
A2DFXNMQDTVMKB,3LRKMWOKB5IBVUIH5R0N8ZMX5F82ZO,189,9/14/2017 3:00:46 PM,9/14/2017 3:03:55 PM,Approved,0.35,0.00,JDA335XQQ,,,
AX8RDFKYAO9BX,3HMVI3QICJT41JQGQ1YQP93Q7FLY17,53,9/14/2017 2:22:01 PM,9/14/2017 2:22:55 PM,Approved,0.35,0.00,JDA335XQQ,,,
A27LCUA35LPVM8,32KTQ2V7RDGMW74XBBP8AKY2WI29MA,1069,9/14/2017 3:23:17 PM,9/14/2017 3:41:07 PM,Approved,0.35,0.00, JDA335XQQ,,,
A1VSHM4NLZ705D,3STRJBFXOWSAQYD8O5H9M77A1J4KT8,370,9/14/2017 2:22:58 PM,9/14/2017 2:29:09 PM,Approved,0.35,0.00,JDA335XQQ,,,
A2TGOIW7U237NO,3H8DHMCCW9C399HB2FHUH3POYXKDKM,234,9/14/2017 3:02:18 PM,9/14/2017 3:06:13 PM,Approved,0.35,0.00,JDA335XQQ,,,
A2M9RPX7LRTDAD,358010RM5EUVNQG4SJWDDJ3XUD3XVU,2185,9/14/2017 3:09:40 PM,9/14/2017 3:46:06 PM,Approved,0.35,0.00,JDA335XQQ,,,
A1XNVHBT1JTHQ,3CN4LGXD5XPLTINZDJHSN7ATJZXY4M,6252,9/14/2017 2:38:29 PM,9/14/2017 4:22:41 PM,Approved,0.35,0.00,JDA335XQQ,,,
A8TK3JACM5EM,3C8HJ7UOP7V12YMAF9J7N80VBKKZM7,480,9/14/2017 2:20:46 PM,9/14/2017 2:28:47 PM,Approved,0.35,0.00,JDA335XQQ,,,
A1KTCKJLZV1CM7,3TXWC2NHNZRPU2H2V8LUMTX8O6FS9Y,114,9/14/2017 2:37:24 PM,9/14/2017 2:39:18 PM,Approved,0.35,0.00,JDA335XQQ,,,
A2EIN7ZHCKD3DM,3AZHRG4CU4L3ER8A5X10LAO3TML031,123,9/14/2017 2:21:46 PM,9/14/2017 2:23:50 PM,Approved,0.35,0.00,JDA335XQQ,,,
A2XSOOBL4HGQJQ,345LHZDEDXTJUDKQ34FKAHCA9BQU3Z,468,9/14/2017 2:33:30 PM,9/14/2017 2:41:19 PM,Approved,0.35,0.00,JDA335XQQ,,,
A2G9163W7Y67UD,3VW04L3ZLT7NRFLZSYXV140IAO9XXV,198,9/14/2017 2:47:21 PM,9/14/2017 2:50:40 PM,Approved,0.35,0.00,JDA335XQQ,,,
A2ZX7580NVWA6I,339ANSOTR53KHKXXUTI58051Q2OIKP,90,9/14/2017 2:24:27 PM,9/14/2017 2:25:57 PM,Approved,0.35,0.00,JDA335XQQ,,,
A2FRJ6ICA3RPHU,3QAPZX2QN4EET9CR1XNV20JBN8O20V,106,9/14/2017 2:43:24 PM,9/14/2017 2:45:10 PM,Approved,0.35,0.00,JDA335XQQ,,,
AHEY8IUUKIYSR,3ZPPDN2SLVXOKJCKUD1PXCTTNF5E9I,163,9/14/2017 2:24:59 PM,9/14/2017 2:27:42 PM,Approved,0.35,0.00,JDA335XQQ,,,
A39GP79ULCP9J2,39JEC7537U27KS591N0QZ6INTVAVCL,160,9/14/2017 2:22:06 PM,9/14/2017 2:24:47 PM,Approved,0.35,0.00,JDA335XQQ,,,
AITOOWS61SPF6,33FBRBDW6O099G9WTUPG7SYFIXEC82,97,9/14/2017 3:05:35 PM,9/14/2017 3:07:13 PM,Approved,0.35,0.00,JDA335XQQ,,,
A1XPYRCDDORKTS,34Q075JO1XE74OUVITNHXH96V27019,297,9/14/2017 2:21:22 PM,9/14/2017 2:26:19 PM,Approved,0.35,0.00,JDA335XQQ,,,
A36XEP5H6KBQIB,36V4Q8R5ZK1SO6LJSD0UWFOR6H0QM5,101,9/14/2017 2:25:34 PM,9/14/2017 2:27:16 PM,Approved,0.35,0.00,JDA335XQQ,,,
A3TYWTLNIKKD29,3OCHAWUVGOLH7FMSTFI6BASGEFWXK8,91,9/14/2017 3:08:38 PM,9/14/2017 3:10:10 PM,Approved,0.35,0.00,JDA335XQQ,,,
ADLJ6IYJN348T,32KTQ2V7RDGMW74XBBP8AKY2WI19M9,177,9/14/2017 3:15:15 PM,9/14/2017 3:18:13 PM,Approved,0.35,0.00,JDA335XQQ,,,
A3M3WGICGLUI74,30OG32W0SUC99LGEVNKUFDODS4ONES,181,9/14/2017 2:44:23 PM,9/14/2017 2:47:24 PM,Approved,0.35,0.00,JDA335XQQ,,,
AWXIEV9H6KT9E,3Z7VU45IPYI4690LMN093GCSD9PZ1Z,1590,9/14/2017 2:19:33 PM,9/14/2017 2:46:03 PM,Approved,0.35,0.00,JDA335XQQ,,,
A2Q8WHCYTT58U7,30LB5CDZNCB4ZKF3Q4W9PBTI8HK0ZY,167,9/14/2017 2:24:44 PM,9/14/2017 2:27:31 PM,Approved,0.35,0.00,JDA335XQQ,,,
A207TJIPWDJAQZ,3R8YZBNQ9HJ933EWO7Y5DXR1BS87QE,126,9/14/2017 2:46:32 PM,9/14/2017 2:48:39 PM,Approved,0.35,0.00,JDA335XQQ,,,
A39E0PSS0T80W7,3RGU30DZTA9B2JH6XNGLZEC5SM8MJA,283,9/14/2017 2:28:11 PM,9/14/2017 2:32:54 PM,Approved,0.35,0.00,JDA335XQQ,,,
A20JA3YSZ8G6QY,32EYX73OY0ABDF5SEUGGSFFQFP9UR6,212,9/14/2017 3:07:07 PM,9/14/2017 3:10:39 PM,Approved,0.35,0.00,JDA335XQQ,,,
AHPOOKYE7V04D,3X0H8UUIT1P06YUAOJVM0D5JM7ZSWN,298,9/14/2017 2:25:39 PM,9/14/2017 2:30:37 PM,Approved,0.35,0.00,JDA335XQQ,,,
A1A1A9UHNQCI9Y,3HYA4D452RK5QDRH4F6G576FTACF2B,128,9/14/2017 2:42:20 PM,9/14/2017 2:44:29 PM,Approved,0.35,0.00, JDA335XQQ,,,
A25D66AC4QUW2U,3BV8HQ2ZZW2YCNTAG1WRHJC0CZ06A5,280,9/14/2017 2:31:53 PM,9/14/2017 2:36:33 PM,Approved,0.35,0.00,JDA335XQQ,,,
AOSO1D81K0ET0,38F71OA9GTXVXHVAEXP0KGKDZFVFM4,194,9/14/2017 2:59:52 PM,9/14/2017 3:03:06 PM,Approved,0.35,0.00,JDA335XQQ,,,
A3TMFO1A5U4AEL,3L4D84MILZTPA5GV6Q087949B09HJW,293,9/14/2017 2:25:21 PM,9/14/2017 2:30:15 PM,Approved,0.35,0.00,JDA335XQQ,,,
A3P74FP62XNVYI,3U84XHCDICELY8X495JB1EJVPT34ZL,341,9/14/2017 2:46:26 PM,9/14/2017 2:52:08 PM,Approved,0.35,0.00,JDA335XQQ,,,
A4UIXESOEZI05,3AZHRG4CU4L3ER8A5X10LAO3TML304,142,9/14/2017 2:21:55 PM,9/14/2017 2:24:18 PM,Approved,0.35,0.00,JDA335XQQ,,,
A1DS5O8MSI3ZH0,3TESA3PJ31B13RNR0KTDF64MWHEMMR,1057,9/14/2017 4:08:39 PM,9/14/2017 4:26:16 PM,Approved,0.35,0.00,JDA335XQQ,,,
A2I8HAJPDG6G3E,30H4UDGLT2J7OUK4S0L5WAYH1LHPMG,150,9/14/2017 2:57:31 PM,9/14/2017 3:00:02 PM,Approved,0.35,0.00,JDA335XQQ,,,
A3MELYYGRJ61SX,3TPWUS5F892KZH5ERX5ML81104FWCZ,1238,9/14/2017 2:42:52 PM,9/14/2017 3:03:31 PM,Approved,0.35,0.00,JDA335XQQ,,,
A15Y215D57OSO5,3OUYGIZWR7ZALGDX3VY7YDR4YIH0PH,991,9/14/2017 3:01:59 PM,9/14/2017 3:18:31 PM,Approved,0.35,0.00,JDA335XQQ,,,
A2BXIKA3RQU7B5,3OVR4I9USPKCKGWDM90YAL7RKQG4QP,271,9/14/2017 2:29:21 PM,9/14/2017 2:33:52 PM,Approved,0.35,0.00,JDA335XQQ,,,
A35728XKEGBA1,3N2BF7Y2VQVFBDMG9ND0N1WQFU8MH9,121,9/14/2017 3:03:45 PM,9/14/2017 3:05:47 PM,Approved,0.35,0.00,JDA335XQQ,,,
ALW83OCVEWDHC,3BXQMRHWKZZKGZS09MKZ6GLG926MU6,144,9/14/2017 2:28:52 PM,9/14/2017 2:31:17 PM,Approved,0.35,0.00,JDA335XQQ,,,
A1RYG32Q6PL0I3,3XUHV3NRVKZH361AHOWE6ZL4TZHH5D,266,9/14/2017 2:53:10 PM,9/14/2017 2:57:37 PM,Approved,0.35,0.00,JDA335XQQ,,,
A24L02VEKDS5B7,34FNN24DCMA3P1RZRO02SZG7JVU5Y0,310,9/14/2017 2:48:09 PM,9/14/2017 2:53:19 PM,Approved,0.35,0.00,JDA335XQQ,,,
A2MQMMCVZJTFL2,3HHRAGRYX86AWAP9OR4L2ON7RHB9OH,181,9/14/2017 2:19:47 PM,9/14/2017 2:22:48 PM,Approved,0.35,0.00,JDA335XQQ,,,
A1JIINGFTRE54O,3DHE4R9OCWCB4DNCFZCYNS6RUPC2GX,322,9/14/2017 2:37:44 PM,9/14/2017 2:43:07 PM,Approved,0.35,0.00,JDA335XQQ,,,
A14WLAP6TCEKO0,36TFCYNS44BQ5PLKNUF9YICOMYSXH4,545,9/14/2017 3:08:47 PM,9/14/2017 3:17:53 PM,Approved,0.35,0.00,JDA335XQQ,,,
AOB6ZJTDB416G,3E337GFOL997TZC51IAIFG9P5K1NG7,110,9/14/2017 2:25:10 PM,9/14/2017 2:27:00 PM,Approved,0.35,0.00,JDA335XQQ,,,
A2MFMT03E21ZIT,3YW4XOSQKQMNKA6BG011MOXDBSH1UL,2692,9/14/2017 3:17:40 PM,9/14/2017 4:02:32 PM,Approved,0.35,0.00,JDA335XQQ,,,
A10F69CGAET4KF,3EG49X351UDA8013RBO51RNYDKCX63,70,9/14/2017 3:08:08 PM,9/14/2017 3:09:18 PM,Approved,0.35,0.00,JDA335XQQ,,,
A1NYI79LUIBOTP,3I02618YA07Q12PD12CRNKFBE7KPU8,190,9/14/2017 2:57:41 PM,9/14/2017 3:00:51 PM,Approved,0.35,0.00,JDA335XQQ,,,
A2ZV96GRXVSXK4,386CSBG1OZNQZ30R5XTD7JR5GHL6QB,93,9/14/2017 2:19:13 PM,9/14/2017 2:20:46 PM,Approved,0.35,0.00, JDA335XQQ,,,
A2V995T3ER2ACH,3634BBTX0OV91Y5JTIR8SNDWI7CFIR,3014,9/14/2017 3:10:18 PM,9/14/2017 4:00:32 PM,Approved,0.35,0.00,JDA335XQQ,,,
A3SCEZTWZYV3BC,32EYX73OY0ABDF5SEUGGSFFQFP8RU2,792,9/14/2017 2:55:06 PM,9/14/2017 3:08:18 PM,Approved,0.35,0.00,JDA335XQQ,,,
A7RQ5DNXWAA74,3F0BG9B9MPOIC55IFHFZQJU3A1PY78,331,9/14/2017 3:00:36 PM,9/14/2017 3:06:08 PM,Approved,0.35,0.00,JDA335XQQ,,,
A2R2HMURPYBWWC,3DH6GAKTYYQ1WFBOYC7IH3N2KUYYZW,616,9/14/2017 2:19:20 PM,9/14/2017 2:29:36 PM,Approved,0.35,0.00,JDA335XQQ,,,
AAIF7WKRYBDGT,3WI0P0II61TPWDU6SZQRIFB2TQGRDX,142,9/14/2017 3:25:34 PM,9/14/2017 3:27:56 PM,Approved,0.35,0.00,JDA335XQQ,,,
A2H6RIWM50KWA4,3SEPORI8WN000XDLI6T2EH5VH3VZAN,301,9/14/2017 2:19:59 PM,9/14/2017 2:25:01 PM,Approved,0.35,0.00,JDA335XQQ,,,
A3DXGBBBJPCCK8,3QAVNHZ3EM5GV8WH352T62UX2UQALI,159,9/14/2017 2:39:18 PM,9/14/2017 2:41:57 PM,Approved,0.35,0.00,JDA335XQQ,,,
ACSS93E03ZUGX,3F1567XTNW6DHM2P34WPRTI76IT9QP,628,9/14/2017 2:20:07 PM,9/14/2017 2:30:35 PM,Approved,0.35,0.00,JDA335XQQ,,,
AZDRKFTM4LARP,3Z7VU45IPYI4690LMN093GCSD9Q1Z2,3038,9/14/2017 2:19:07 PM,9/14/2017 3:09:46 PM,Approved,0.35,0.00,JDA335XQQ,,,
A2QR5A1Z4D9SU1,3EKVH9QMEY58STDLD9BQH73UHXUD2W,304,9/14/2017 2:21:21 PM,9/14/2017 2:26:26 PM,Approved,0.35,0.00,JDA335XQQ,,,
A2I9PUZT19ZBO8,3WOKGM4L71HS0G1WOVLS9DMEODHO0K,190,9/14/2017 2:26:14 PM,9/14/2017 2:29:24 PM,Approved,0.35,0.00,JDA335XQQ,,,
A2TJHXRDWTQ75L,33SA9F9TRXVZWFPSNOBHBW14LGSWES,130,9/14/2017 2:42:57 PM,9/14/2017 2:45:07 PM,Approved,0.35,0.00, JDA335XQQ,,,
A12CEB35YXRM8X,3YGXWBAF70I8QFMUHRZ3QGIAGBE4CJ,121,9/14/2017 2:19:48 PM,9/14/2017 2:21:50 PM,Approved,0.35,0.00,JDA335XQQ,,,
A3S111A5IU2NXI,3OLQQLKKNSQDQVPTGPS2M67WJKIJEJ,149,9/14/2017 2:32:48 PM,9/14/2017 2:35:18 PM,Approved,0.35,0.00,JDA335XQQ,,,
A1HI3IYQNISJOZ,3U088ZLJVKU05PAYFHC2Q7Z0RFI0WA,410,9/14/2017 2:40:13 PM,9/14/2017 2:47:04 PM,Approved,0.35,0.00, JDA335XQQ,,,
A3VUBM4J59JB8U,3N2BF7Y2VQVFBDMG9ND0N1WQFU8HM4,952,9/14/2017 3:03:52 PM,9/14/2017 3:19:44 PM,Approved,0.35,0.00,JDA335XQQ,,,
A1AJWS2H14J8MQ,3KOPY89HM83AGX9WR5B63F3ZSVRJ3R,1543,9/14/2017 2:25:46 PM,9/14/2017 2:51:30 PM,Approved,0.35,0.00,JDA335XQQ,,,
A1N4P4XGQM7NXE,3MYYFCXHJ38L7R2ZJDVMG73PE38G47,128,9/14/2017 2:39:31 PM,9/14/2017 2:41:39 PM,Approved,0.35,0.00,JDA335XQQ,,,
A2X5ZE7AABXPCV,31QTRG6Q2TE7IB9IB39GQ5LOAVSYPC,197,9/14/2017 2:27:23 PM,9/14/2017 2:30:41 PM,Approved,0.35,0.00,JDA335XQQ,,,
A1T1CQSJWP9ZP3,3M68NM076H8QB4FRICIDC91AC3N6RC,562,9/14/2017 2:19:36 PM,9/14/2017 2:28:59 PM,Approved,0.35,0.00,JDA335XQQ,,,
A1NSWJKFJIZ06J,3D4CH1LGEAUM4X8B08RDXFE50VK9GU,176,9/14/2017 2:19:08 PM,9/14/2017 2:22:04 PM,Approved,0.35,0.00,JDA335XQQ,,,
A26APJ1QNNFDH8,3A7Y0R2P2OPMWVGABUIUAVS3ZQSJXR,168,9/14/2017 2:29:02 PM,9/14/2017 2:31:51 PM,Approved,0.35,0.00,JDA335XQQ,,,
AEXF5EUX32U0M,3VHP9MDGRNLIOVJJ18VMHKF151NCFF,125,9/14/2017 2:19:45 PM,9/14/2017 2:21:50 PM,Approved,0.35,0.00,JDA335XQQ,,,
AO4ULPWEA897C,3YDTZAI2WXHO3CCW1UAJ9KZJCEP41V,290,9/14/2017 2:35:18 PM,9/14/2017 2:40:09 PM,Approved,0.35,0.00,JDA335XQQ,,,
A1FO1SROGRL5RH,3P529IW9KYMBRZDPELOLK35OZA1LF4,80,9/14/2017 2:24:49 PM,9/14/2017 2:26:10 PM,Approved,0.35,0.00,JDA335XQQ,,,
A1DNJ3C38BJ0MJ,3FPRZHYEPY8J7S9Q8UPP63ETNIYV3O,202,9/14/2017 2:30:13 PM,9/14/2017 2:33:35 PM,Approved,0.35,0.00,JDA335XQQ,,,
A2LQ33BQ8G259D,3P529IW9KYMBRZDPELOLK35OZB6LFB,294,9/14/2017 3:15:06 PM,9/14/2017 3:20:01 PM,Approved,0.35,0.00,JDA335XQQ,,,
A2AS2Z9P0VV2NP,3KGTPGBS6XMU9VO7Z41FR77I3XPU2N,137,9/14/2017 2:28:50 PM,9/14/2017 2:31:08 PM,Approved,0.35,0.00,JDA335XQQ,,,
A98E8M4QLI9RS,3AAJC4I4FGTB1QGPCC6F7G8E7QTZJ7,829,9/14/2017 2:56:25 PM,9/14/2017 3:10:14 PM,Approved,0.35,0.00,JDA335XQQ,,,
A2FN6RMCQ40T0N,3Z4AIRP3C6EF1E06L5CO6VWH59V1X8,146,9/14/2017 2:43:13 PM,9/14/2017 2:45:39 PM,Approved,0.35,0.00,JDA335XQQ,,,
A6MMICWWJKE0K,3AMYWKA6YBNNERNBQK19IEW51G46O4,115,9/14/2017 2:32:30 PM,9/14/2017 2:34:25 PM,Approved,0.35,0.00,JDA335XQQ,,,
A14UUJMRQ6ULRV,3Q5C1WP23M26ZVGWFZTTEC5XCBO517,147,9/14/2017 3:20:10 PM,9/14/2017 3:22:37 PM,Approved,0.35,0.00,JDA335XQQ,,,
A1Q93M41J566U1,3VZLGYJEYLBCWALETGLGYPGTIO8ZXV,256,9/14/2017 2:59:05 PM,9/14/2017 3:03:22 PM,Approved,0.35,0.00,JDA335XQQ,,,
A3BXT78QXFC6F3,34HJIJKLP5X4POSU88U8G86Z1IX4VL,450,9/14/2017 2:46:11 PM,9/14/2017 2:53:41 PM,Approved,0.35,0.00,JDA335XQQ,,,
A132H53I8VX2OC,373ERPL3YO9WD2Q3EPQ6NJTOWC3RTF,182,9/14/2017 3:18:08 PM,9/14/2017 3:21:11 PM,Approved,0.35,0.00,JDA335XQQ,,,
AZ7CZY3A298S7,3QEMNNSB2X0FEUARJLSLDYK2SDKD7G,268,9/14/2017 3:00:51 PM,9/14/2017 3:05:19 PM,Approved,0.35,0.00,JDA335XQQ,,,
A36YILL1R9XLMV,3OHYZ19UGC6O1TZEGXILYJYRX0YAO4,233,9/14/2017 3:13:01 PM,9/14/2017 3:16:54 PM,Approved,0.35,0.00,JDA335XQQ,,,
A3D5TVDZE407DE,3ZOTGHDK5ICS1PL8XX4CJJSXJ66OSF,75,9/14/2017 3:26:06 PM,9/14/2017 3:27:22 PM,Approved,0.35,0.00,JDA335XQQ,,,
A2L2ZXRHK3SNOP,3X1FV8S5JXSK14LE39W9PX32ROEVG9,180,9/14/2017 4:14:52 PM,9/14/2017 4:17:53 PM,Approved,0.35,0.00,JDA335XQQ,,,
A2MRWQ2SKCTLT4,3LEP4MGT3G12G6DHW241I06YB38DBZ,1992,9/14/2017 2:32:19 PM,9/14/2017 3:05:32 PM,Approved,0.35,0.00,JDA335XQQ,,,
A3KIZLHCD945UK,33SA9F9TRXVZWFPSNOBHBW14LGQEW8,235,9/14/2017 2:27:12 PM,9/14/2017 2:31:08 PM,Approved,0.35,0.00,JDA335XQQ,,,
A19V3A2N7GWL77,30ZX6P7VF8WLVFDDN5X1K5Y7MHS2J0,147,9/14/2017 2:29:52 PM,9/14/2017 2:32:20 PM,Approved,0.35,0.00,JDA335XQQ,,,
A22AEEEAJDHREX,3SKEMFQBZ36RSELKL76EVBBNN6J8K7,841,9/14/2017 2:24:11 PM,9/14/2017 2:38:12 PM,Approved,0.35,0.00,JDA335XQQ,,,
A25N0K40JAZTN1,388U7OUMF72VXTTCGN2W38RJZ010R5,214,9/14/2017 2:23:40 PM,9/14/2017 2:27:15 PM,Approved,0.35,0.00,JDA335XQQ,,,
A1L92Y6VBTRFP5,3B3WTRP3DB3WP3041T6OVBK4QDK29B,747,9/14/2017 3:08:40 PM,9/14/2017 3:21:07 PM,Approved,0.35,0.00,JDA335XQQ,,,
A2ZA6GLQTIF345,3FTF2T8WLRJI1JYBFDVVJI0TUJBW9H,175,9/14/2017 2:35:08 PM,9/14/2017 2:38:03 PM,Approved,0.35,0.00, JDA335XQQ,,,
A1GL7Y04KRL9KD,3KXIR214I4HVSXUSKYAXE39O4K442D,105,9/14/2017 2:51:18 PM,9/14/2017 2:53:04 PM,Approved,0.35,0.00,JDA335XQQ,,,
A1WXPOLDS1Y9R4,3ZAK8W07I4FNDLLTKHX18JE36Z4U02,42,9/14/2017 2:19:20 PM,9/14/2017 2:20:02 PM,Approved,0.35,0.00,JDA335XQQ,,,
A8TQSHYC5OOY4,3483FV8BEEK97KY63M3CB1T20CC624,284,9/14/2017 3:14:38 PM,9/14/2017 3:19:22 PM,Approved,0.35,0.00,JDA335XQQ,,,
A3HAPMZV7CYDY8,3EQHHY4HQST33A6ZXIEWLZ93E07G5I,3166,9/14/2017 3:23:23 PM,9/14/2017 4:16:10 PM,Approved,0.35,0.00,JDA335XQQ,,,
A3K43RI91Y567E,3E13VNJ1NNWIBJBBMJCN3L92HWPI1N,128,9/14/2017 2:31:57 PM,9/14/2017 2:34:06 PM,Approved,0.35,0.00,JDA335XQQ,,,
A1H1ZROJJ360M7,3CN4LGXD5XPLTINZDJHSN7ATJZW4YR,172,9/14/2017 2:20:59 PM,9/14/2017 2:23:52 PM,Approved,0.35,0.00,JDA335XQQ,,,
A1ND4NNS6YX1SD,3R3YRB5GRF4JEYJBCJUUXPQGFLHUAU,168,9/14/2017 2:29:01 PM,9/14/2017 2:31:49 PM,Approved,0.35,0.00,JDA335XQQ,,,
AV15YFBYL71S6,37QW5D2ZRGNPGXYSQGFGMX2X40W8SO,251,9/14/2017 2:24:28 PM,9/14/2017 2:28:39 PM,Approved,0.35,0.00,JDA335XQQ,,,
A1T2ETK8DWRTA1,3TUI152ZZBOVSHZUZRHWCN0O865Q1X,347,9/14/2017 2:24:31 PM,9/14/2017 2:30:18 PM,Approved,0.35,0.00, JDA335XQQ,,,
A2TYPIODA4XDSW,3EF8EXOTT1WE6UVH41XNFMO2UBH1JL,161,9/14/2017 2:55:13 PM,9/14/2017 2:57:54 PM,Approved,0.35,0.00, JDA335XQQ,,,
A3OXRDSUN9F10I,37FMASSAYCSJOHT3OG5C9XMB38FBIY,157,9/14/2017 2:24:36 PM,9/14/2017 2:27:14 PM,Approved,0.35,0.00,JDA335XQQ,,,
A423QQ5WN43B9,34PGFRQONOC77VBK1PM88CEWQOMWJB,1436,9/14/2017 2:27:54 PM,9/14/2017 2:51:51 PM,Approved,0.35,0.00,JDA335XQQ,,,
AYPRRGPMOD0AX,34S6N1K2ZVKV5V4V9BCLNOH1FPEHLY,193,9/14/2017 2:25:45 PM,9/14/2017 2:28:58 PM,Approved,0.35,0.00,JDA335XQQ,,,
A3A32ENJXK1VCR,354GIDR5ZB77XZ9DMAJHJCQWQA1006,109,9/14/2017 2:21:37 PM,9/14/2017 2:23:27 PM,Approved,0.35,0.00,JDA335XQQ,,,
A1MQ9B05ZMM4YI,36W0OB37HWFFAKLZOC3UV3SZUYMHZH,1048,9/14/2017 2:23:05 PM,9/14/2017 2:40:33 PM,Approved,0.35,0.00,JDA335XQQ,,,
AV182SXSO370E,3BV8HQ2ZZW2YCNTAG1WRHJC0CZZA68,208,9/14/2017 2:21:15 PM,9/14/2017 2:24:44 PM,Approved,0.35,0.00,JDA335XQQ,,,
A2LBWF46LZP1V6,340UGXU9DY236MM9NELQTC4T0VKUVX,239,9/14/2017 2:45:03 PM,9/14/2017 2:49:03 PM,Approved,0.35,0.00, JDA335XQQ,,,
A2Z96TK65BB7LC,3MAOD8E57QBIFL7VQSAM329K8AWXN8,739,9/14/2017 2:21:00 PM,9/14/2017 2:33:19 PM,Approved,0.35,0.00,JDA335XQQ,,,
A1B14CS9DW7008,3WLEIWSYHOIP49INZ5UG8SIS9PQ2HX,1653,9/14/2017 2:45:51 PM,9/14/2017 3:13:24 PM,Approved,0.35,0.00,JDA335XQQ,,,
A2WRKUN3RCJYW8,3CFVK00FWLMF86KEDSLHQXSB6BYL61,160,9/14/2017 2:24:36 PM,9/14/2017 2:27:17 PM,Approved,0.35,0.00,JDA335XQQ,,,
AY5QUURIR136D,3DOCMVPBTNFD3RTROMND50IM6WNNNF,120,9/14/2017 3:03:06 PM,9/14/2017 3:05:07 PM,Approved,0.35,0.00,JDA335XQQ,,,
A21ML80A0J9P5E,3Z4GS9HPNVBZXL9HS8PZD6A663J77L,144,9/14/2017 3:24:03 PM,9/14/2017 3:26:27 PM,Approved,0.35,0.00,JDA335XQQ,,,
A1FQE3NEOHSKOX,3H7XDTSHKCSXGTLJTJ15BZMGYW4WG6,120,9/14/2017 2:19:14 PM,9/14/2017 2:21:15 PM,Approved,0.35,0.00,JDA335XQQ,,,
A9O273N0X06JS,3Q8GYXHFEP3QMYQUVWIDV8OOG79C5W,182,9/14/2017 2:19:09 PM,9/14/2017 2:22:12 PM,Approved,0.35,0.00,JDA335XQQ,,,
A3D1VTLX623K6I,3PZDLQMM0TMYN177DDGFX1LCWYOC23,1352,9/14/2017 3:23:53 PM,9/14/2017 3:46:25 PM,Approved,0.35,0.00,JDA335XQQ,,,
A2EBNMFLUR2SQF,3QY7M81QH7NNS0G1B2E8HBFSCMD7KJ,198,9/14/2017 2:21:14 PM,9/14/2017 2:24:33 PM,Approved,0.35,0.00,JDA335XQQ,,,
AZIDXMX2VZOTZ,3VNXK88KKCJ5MUY6P3QZXGHFNA9V96,174,9/14/2017 2:37:18 PM,9/14/2017 2:40:13 PM,Approved,0.35,0.00,JDA335XQQ,,,
A39C210BKD7YNN,3GA6AFUKOOPEPRE6358LR2NKF3QH3N,163,9/14/2017 2:53:01 PM,9/14/2017 2:55:45 PM,Approved,0.35,0.00,JDA335XQQ,,,
A2XGCMXQELW5KX,3O6CYIULED2GLBMEDOQMFEN774LWU8,89,9/14/2017 2:36:28 PM,9/14/2017 2:37:57 PM,Approved,0.35,0.00,JDA335XQQ,,,
A330JJZGJL7IG2,3Y9N9SS8LYCXDB94H9PV0H8MNBU3DX,142,9/14/2017 2:22:54 PM,9/14/2017 2:25:16 PM,Approved,0.35,0.00,JDA335XQQ,,,
A31DI99CWPTJBK,3QY5DC2MXRLEAP0JNZGMBQ17C1YFUW,146,9/14/2017 3:00:58 PM,9/14/2017 3:03:24 PM,Approved,0.35,0.00,JDA335XQQ,,,
A191V7PT3DQKDP,32KTQ2V7RDGMW74XBBP8AKY2WHXM9G,151,9/14/2017 2:33:03 PM,9/14/2017 2:35:35 PM,Approved,0.35,0.00,JDA335XQQ,,,
A1PQ8KNGCVUYYC,3OE22WJIGIPB1EQS1FRGNP5LJ49UQ9,629,9/14/2017 3:27:44 PM,9/14/2017 3:38:13 PM,Approved,0.35,0.00,JDA335XQQ,,,
AED0N0TJKO38I,3JBT3HLQF837N1JN7PBZ4CUQGPYZP6,174,9/14/2017 2:45:02 PM,9/14/2017 2:47:56 PM,Approved,0.35,0.00,JDA335XQQ,,,
AMA18W8F60Y2J,3PWWM24LHSZWBYHUW10AVFPT66X28F,154,9/14/2017 2:20:08 PM,9/14/2017 2:22:42 PM,Approved,0.35,0.00,JDA335XQQ,,,
A3J3B4MFXVQP8J,3018Q3ZVOIRRY6RU8PZPSE3W8MFAR8,215,9/14/2017 2:39:11 PM,9/14/2017 2:42:47 PM,Approved,0.35,0.00,JDA335XQQ,,,
A1EMBQB8FM6EZH,3PM8NZGV8YH3IIKN6K237W4PDMPQXW,319,9/14/2017 3:16:16 PM,9/14/2017 3:21:36 PM,Approved,0.35,0.00,JDA335XQQ,,,
A3CVX7GHF3B65Q,3VP0C6EFSGXZEO2ZD4MWQA706GP6MP,136,9/14/2017 2:32:53 PM,9/14/2017 2:35:09 PM,Approved,0.35,0.00,JDA335XQQ,,,
A2S8ZTPKX3B928,3PW9OPU9PQLE0YX9XGRVG52LS0S12V,1120,9/14/2017 2:32:06 PM,9/14/2017 2:50:47 PM,Approved,0.35,0.00,JDA335XQQ,,,
A2HINCRW82FL1J,3C8HJ7UOP7V12YMAF9J7N80VBKNMZX,129,9/14/2017 2:43:38 PM,9/14/2017 2:45:48 PM,Approved,0.35,0.00,JDA335XQQ,,,
A46DGMYAWYN1,3DY4FPOOA1PBQUUSJKQLO1H9TWHRVR,122,9/14/2017 2:55:12 PM,9/14/2017 2:57:15 PM,Approved,0.35,0.00, JDA335XQQ,,,
A1LIUSQP6ORUD9,3MD9PLUKKIF7KG7ARAY70NPVGAXZNA,230,9/14/2017 2:45:00 PM,9/14/2017 2:48:51 PM,Approved,0.35,0.00,JDA335XQQ,,,
A2CZ10JX5FBO09,3TXWC2NHNZRPU2H2V8LUMTX8O6H9SH,1100,9/14/2017 2:45:39 PM,9/14/2017 3:04:00 PM,Approved,0.35,0.00,JDA335XQQ,,,
A3UEJQ4EJB9DBD,3UJ1CZ6IZHQ6TFFQSI8DADS62AW5SK,214,9/14/2017 2:31:02 PM,9/14/2017 2:34:36 PM,Approved,0.35,0.00,JDA335XQQ,,,
A1NZ8CY1G3KUX9,308Q0PEVB8E00OE6QWRGIRRLF8C9IM,106,9/14/2017 2:19:24 PM,9/14/2017 2:21:11 PM,Approved,0.35,0.00,JDA335XQQ,,,
A168QBUOKNFWWK,3BF51CHDTVBI8ZF9KIQ2P4PDCR6H0S,240,9/14/2017 2:52:35 PM,9/14/2017 2:56:35 PM,Approved,0.35,0.00,JDA335XQQ,,,
A1OV86I0FAFAM1,3HHRAGRYX86AWAP9OR4L2ON7RHDO9Y,418,9/14/2017 2:42:06 PM,9/14/2017 2:49:04 PM,Approved,0.35,0.00,JDA335XQQ,,,
AQ4PZ6W8NIDH3,3KGTPGBS6XMU9VO7Z41FR77I3XOU2M,197,9/14/2017 2:19:16 PM,9/14/2017 2:22:33 PM,Approved,0.35,0.00,JDA335XQQ,,,
A36W1S4Z2LSNTC,3WS1NTTKEYDYU3O3PS22MJD0WCUF0T,347,9/14/2017 3:05:26 PM,9/14/2017 3:11:13 PM,Approved,0.35,0.00,JDA335XQQ,,,
AHZ5YRRIRTLJG,3LKC68YZ3A4L862HH2EDG8VIPJ2WO2,350,9/14/2017 3:25:05 PM,9/14/2017 3:30:55 PM,Approved,0.35,0.00,JDA335XQQ,,,
A11A9P82LT2M0H,3ND9UOO81K3D2LZK4AYLORROUDVWLH,154,9/14/2017 3:04:46 PM,9/14/2017 3:07:20 PM,Approved,0.35,0.00,JDA335XQQ,,,
AS9E0S6DBSWH7,3S3AMIZX3U6LQB5NA20WTKCGTO7CD4,2440,9/14/2017 2:19:44 PM,9/14/2017 3:00:24 PM,Approved,0.35,0.00,JDA335XQQ,,,
A10RTXSA8JXK9T,3XC1O3LBOSNLA4VQ95TA17KPQJBTLM,370,9/14/2017 2:42:24 PM,9/14/2017 2:48:35 PM,Approved,0.35,0.00,JDA335XQQ,,,
A25VHX1PUAHR4T,3TR2532VIPV9DGWEA794AIFJ2MTJ6X,189,9/14/2017 2:26:06 PM,9/14/2017 2:29:16 PM,Approved,0.35,0.00,JDA335XQQ,,,
A2UG6LQMI84JND,3DPNQGW4LLGJAYDT70M04GQ0KQ8640,169,9/14/2017 3:14:44 PM,9/14/2017 3:17:33 PM,Approved,0.35,0.00,JDA335XQQ,,,
A3PDHDQZZKCTT5,3PXX5PX6LXZ4IZA5CSDZSZYSQ0ABAU,353,9/14/2017 2:23:54 PM,9/14/2017 2:29:47 PM,Approved,0.35,0.00,JDA335XQQ,,,
AV05BXQORIXZR,3KKG4CDWKIZ6SHFR57PCOQH2AQD949,252,9/14/2017 2:41:35 PM,9/14/2017 2:45:48 PM,Approved,0.35,0.00,JDA335XQQ,,,
A1MTQP7TA5RCOB,34FNN24DCMA3P1RZRO02SZG7JVR5YX,171,9/14/2017 2:23:25 PM,9/14/2017 2:26:16 PM,Approved,0.35,0.00,JDA335XQQ,,,
AU8YVB738G6C,3IUZPWIU1O82IFH2JAMK9RE95DLWK9,267,9/14/2017 2:19:22 PM,9/14/2017 2:23:50 PM,Approved,0.35,0.00,JDA335XQQ,,,
A31Q4HFUPE2DXG,3FDJT1UU74985W2IN9ZBJR1WLGI5K2,348,9/14/2017 2:22:10 PM,9/14/2017 2:27:58 PM,Approved,0.35,0.00,JDA335XQQ,,,
A5YVMQWA2IYPF,3LOZAJ85YDEMQZI249C2BE6MXGBX2P,147,9/14/2017 3:17:59 PM,9/14/2017 3:20:27 PM,Approved,0.35,0.00,JDA335XQQ,,,
A2LL81ERU0Y7E6,3N2BF7Y2VQVFBDMG9ND0N1WQFU5HM1,205,9/14/2017 2:35:11 PM,9/14/2017 2:38:36 PM,Approved,0.35,0.00,JDA335XQQ,,,
A2QH1BQA6GR48O,3WAKVUDHUWH1VWLD5GIANYOQEDAU72,2784,9/14/2017 2:19:55 PM,9/14/2017 3:06:20 PM,Approved,0.35,0.00,JDA335XQQ,,,
A3ACR8IG31Q7K6,3QUO65DNQUP8G2DCM2ZCYKAL42KUOS,85,9/14/2017 2:20:19 PM,9/14/2017 2:21:45 PM,Approved,0.35,0.00,JDA335XQQ,,,
A3JT9LHWLFHNS8,36ZN444YTRZ37BICSLAYFHMAA7ZIOA,1125,9/14/2017 2:32:30 PM,9/14/2017 2:51:15 PM,Approved,0.35,0.00,JDA335XQQ,,,
A24DSECWUBZC0Z,3ERET4BTVMAR6J4UQZCSV76Y7C19KX,152,9/14/2017 2:19:32 PM,9/14/2017 2:22:05 PM,Approved,0.35,0.00,JDA335XQQ,,,
AL7M7T6WKQPIV,3IQ1VMJRYTLLU6V8E8Z31T3221DA9R,105,9/14/2017 3:19:41 PM,9/14/2017 3:21:27 PM,Approved,0.35,0.00,JDA335XQQ,,,
A11D9XGV7Y2I89,3FE2ERCCZX9VOX5G5G0IOENMWLTOPR,250,9/14/2017 2:28:58 PM,9/14/2017 2:33:08 PM,Approved,0.35,0.00,JDA335XQQ,,,
AGZA79QVH09QX,3CCZ6YKWR7KOO0JRJC8MTINGANB59F,150,9/14/2017 3:10:57 PM,9/14/2017 3:13:28 PM,Approved,0.35,0.00,JDA335XQQ,,,
A1L00PO1P8D6E3,3H7XDTSHKCSXGTLJTJ15BZMGYW9WGB,198,9/14/2017 3:04:24 PM,9/14/2017 3:07:42 PM,Approved,0.35,0.00,JDA335XQQ,,,
A2S6B9Q48MAV2T,3K2755HG5S4STNPX14QX1QXJQ12DFJ,163,9/14/2017 2:50:31 PM,9/14/2017 2:53:14 PM,Approved,0.35,0.00,JDA335XQQ,,,
A3N5HUHR6W70YQ,3PWWM24LHSZWBYHUW10AVFPT66X82L,158,9/14/2017 2:23:20 PM,9/14/2017 2:25:59 PM,Approved,0.35,0.00,JDA335XQQ,,,
A2HG1N3BVQO6I,3RJSC4XJ10V6S6VEJGPT07MN7ID05S,139,9/14/2017 2:30:10 PM,9/14/2017 2:32:30 PM,Approved,0.35,0.00, JDA335XQQ,,,
AU46I88MN3O09,3KGTPGBS6XMU9VO7Z41FR77I3XSU2Q,447,9/14/2017 2:53:57 PM,9/14/2017 3:01:25 PM,Approved,0.35,0.00,JDA335XQQ,,,
A5LUC1YEAQYF6,3AAPLD8UCCIJO8C0IKEC9FRI923THG,334,9/14/2017 2:52:24 PM,9/14/2017 2:57:58 PM,Approved,0.35,0.00,JDA335XQQ,,,
A2B31JDSVV476K,3GLB5JMZFXWY7NLSCOWFJBXVRG3DGJ,126,9/14/2017 3:01:58 PM,9/14/2017 3:04:04 PM,Approved,0.35,0.00,JDA335XQQ,,,
APF1EAZT104LQ,3PDJHANYK5HDMA1OM76JY5Z4PUQH6R,1163,9/14/2017 2:33:42 PM,9/14/2017 2:53:06 PM,Approved,0.35,0.00,JDA335XQQ,,,
A1UCM4T7TZDUAO,3EFVCAY5L3AWHUF23M62UWBA8HJ8J8,221,9/14/2017 2:23:43 PM,9/14/2017 2:27:25 PM,Approved,0.35,0.00,JDA335XQQ,,,
A11NO3BHO6IBPR,34MAJL3QP4OKDFQBOYO2XDEGAZ734S,200,9/14/2017 3:20:59 PM,9/14/2017 3:24:20 PM,Approved,0.35,0.00,JDA335XQQ,,,
AYJ21KR003B23,3DH6GAKTYYQ1WFBOYC7IH3N2KU1YZZ,179,9/14/2017 2:42:49 PM,9/14/2017 2:45:49 PM,Approved,0.35,0.00,JDA335XQQ,,,
A2U5K5WW79T4Q2,3FE7TXL1LIO2H2HQIVHAH6AT0CKQ2F,165,9/14/2017 2:37:16 PM,9/14/2017 2:40:01 PM,Approved,0.35,0.00,JDA335XQQ,,,
AXJND2BH6C55U,3300DTYQT2IUCIT6BFCBJ7JIXFAQEH,179,9/14/2017 2:32:53 PM,9/14/2017 2:35:52 PM,Approved,0.35,0.00,JDA335XQQ,,,
AAYL7UAXO9E4T,39LOEL67OS6LWGDD01EFEPULCK1830,112,9/14/2017 2:58:47 PM,9/14/2017 3:00:39 PM,Approved,0.35,0.00,JDA335XQQ,,,
A31F5YQGIQU8NU,3EICBYG644XYTX5FKYM7WI7TY9AJCX,155,9/14/2017 3:24:58 PM,9/14/2017 3:27:33 PM,Approved,0.35,0.00,JDA335XQQ,,,
A2TZRIS9XFZ18U,3CN4LGXD5XPLTINZDJHSN7ATJZY4YT,247,9/14/2017 2:38:36 PM,9/14/2017 2:42:43 PM,Approved,0.35,0.00,JDA335XQQ,,,
AII1KZW0UW52L,3UNH76FOCS61X8C5JNHO91RT5RMMYB,111,9/14/2017 3:17:01 PM,9/14/2017 3:18:52 PM,Approved,0.35,0.00,JDA335XQQ,,,
A2VGEE0ZIZ8CBQ,30IQTZXKAK7FUPFOPM8OSQD70HQ0X5,148,9/14/2017 3:02:30 PM,9/14/2017 3:04:59 PM,Approved,0.35,0.00,JDA335XQQ ,,,
A22103611MDNAD,34MAJL3QP4OKDFQBOYO2XDEGAY443O,162,9/14/2017 2:51:01 PM,9/14/2017 2:53:44 PM,Approved,0.35,0.00,JDA335XQQ,,,
A3TN4B3DVVRZXS,3EICBYG644XYTX5FKYM7WI7TY87JCS,190,9/14/2017 2:51:17 PM,9/14/2017 2:54:27 PM,Approved,0.35,0.00,JDA335XQQ,,,
A3HTLXAPOBCVVO,3WYP994K17SZ85RDW7A7K5U7FQ26YE,205,9/14/2017 2:19:49 PM,9/14/2017 2:23:15 PM,Approved,0.35,0.00,JDA335XQQ,,,
AOY7MRZ8IJNAZ,3LYA37P8IQOAUCJROJQOMD1OVC4BK9,225,9/14/2017 2:25:18 PM,9/14/2017 2:29:04 PM,Approved,0.35,0.00,JDA335XQQ,,,
A36CO9KPDJOPM7,3WI0P0II61TPWDU6SZQRIFB2TPDDRE,265,9/14/2017 2:51:25 PM,9/14/2017 2:55:50 PM,Approved,0.35,0.00,JDA335XQQ,,,
ACVJ6IUO9QM4R,3P59JYT76LLF9I9IZZB5MBLGKKST27,1480,9/14/2017 4:04:44 PM,9/14/2017 4:29:24 PM,Approved,0.35,0.00,JDA335XQQ,,,
A3N3F77POSIH8J,3TPZPLC3M0D628CUMIGQ0BPB1UX3PB,167,9/14/2017 2:24:11 PM,9/14/2017 2:26:59 PM,Approved,0.35,0.00,JDA335XQQ,,,
A22051NK9RQ4FV,3A1COHJ8NJW0QOKCFM3HIJVVVPH8H5,118,9/14/2017 2:40:33 PM,9/14/2017 2:42:32 PM,Approved,0.35,0.00,JDA335XQQ,,,
ATCW7GWYA922U,3SPJ0334214BW06KGQ4WT9ZC1WNJYY,1035,9/14/2017 2:33:32 PM,9/14/2017 2:50:47 PM,Approved,0.35,0.00,JDA335XQQ,,,
AA331KS49751Q,39PAAFCODM1O697KN9VGOGIRHHCVT6,199,9/14/2017 2:34:37 PM,9/14/2017 2:37:57 PM,Approved,0.35,0.00,JDA335XQQ,,,
APDZX0GWOK1GG,3OE22WJIGIPB1EQS1FRGNP5LJ36QU0,119,9/14/2017 2:51:35 PM,9/14/2017 2:53:35 PM,Approved,0.35,0.00,JDA335XQQ,,,
AHV4U78TUUDKI,3ERET4BTVMAR6J4UQZCSV76Y7C4K9B,90,9/14/2017 2:53:28 PM,9/14/2017 2:54:59 PM,Approved,0.35,0.00,JDA335XQQ,,,
A323RBOHUTRW53,3EWIJTFFVO86OPO7UHIW41S0KBBE06,373,9/14/2017 2:24:25 PM,9/14/2017 2:30:38 PM,Approved,0.35,0.00,JDA335XQQ,,,
A1OSRB1Q63XXWZ,3RXCAC0YIRQMQSP1VGLZXJJUGP5G8F,243,9/14/2017 2:50:31 PM,9/14/2017 2:54:35 PM,Approved,0.35,0.00,JDA335XQQ,,,
A3HBUS4MN7GUR3,3WZ36BJEV3H9XV9EIS4GN4OKEPVBTF,129,9/14/2017 2:25:34 PM,9/14/2017 2:27:43 PM,Approved,0.35,0.00,JDA335XQQ,,,
AFZKP8TAXAUCR,3U84XHCDICELY8X495JB1EJVPTZZ4C,128,9/14/2017 2:19:21 PM,9/14/2017 2:21:29 PM,Approved,0.35,0.00,JDA335XQQ,,,
A160L76BFKQQ1Q,3H7XDTSHKCSXGTLJTJ15BZMGYW7WG9,428,9/14/2017 2:43:25 PM,9/14/2017 2:50:34 PM,Approved,0.35,0.00,JDA335XQQ,,,
AVIH7MSMSTZCW,34T446B1C0FRRR4TYQC1EDSXZZZC0C,855,9/14/2017 2:34:36 PM,9/14/2017 2:48:51 PM,Approved,0.35,0.00,JDA335XQQ,,,
